no;DPML_3;DPML_4;DPML;y1;q;DPML_1;DPML_2
1;1;1;1.146975884;-2.417600254;-0.793135698;-0.793135698;-0.082339774
2;1;2;1.761872103;1.146975884;0.26534889;0.26534889;1.610089099
3;1;3;-4.737662427;1.761872103;-0.646567792;-0.646567792;0.310117705
4;1;4;0.661736918;-4.737662427;-0.55130899;-0.55130899;0.85544434
5;1;5;0.768753501;0.661736918;-0.493987916;-0.493987916;0.689177596
6;1;6;-2.039173275;0.768753501;-0.642094746;-0.642094746;-0.55757869
7;1;7;-0.3676277;-2.039173275;-0.300370977;-0.300370977;1.166986901
8;1;8;5.674489382;-0.3676277;0.146574438;0.146574438;0.809051915
9;1;9;2.345796578;5.674489382;0.682221778;0.682221778;0.803952793
10;1;10;-0.10345983;2.345796578;-0.123350845;-0.123350845;0.498422073
11;2;1;-3.630052558;-4.687312543;-0.76574547;-0.76574547;0.554700467
12;2;2;-8.58196575;-3.630052558;0.399774859;0.399774859;-0.947076793
13;2;3;-7.351127967;-8.58196575;0.313521461;0.313521461;-0.890821823
14;2;4;-7.055701181;-7.351127967;-0.340879099;-0.340879099;-1.662035426
15;2;5;-6.835542529;-7.055701181;0.143319578;0.143319578;1.302779564
16;2;6;-1.081302131;-6.835542529;0.535261628;0.535261628;2.405948941
17;2;7;-2.018816555;-1.081302131;0.328876458;0.328876458;-0.062066229
18;2;8;-1.058162175;-2.018816555;0.653715339;0.653715339;1.542733616
19;2;9;-6.562879446;-1.058162175;0.604912782;0.604912782;-0.174487402
20;2;10;-8.504372976;-6.562879446;0.260048311;0.260048311;0.360571575
21;3;1;1.788885578;0.74403849;-0.430528082;-0.430528082;-0.094951412
22;3;2;5.417088534;1.788885578;-0.183383209;-0.183383209;0.469568399
23;3;3;-1.428624332;5.417088534;-0.717779573;-0.717779573;0.070354753
24;3;4;3.170833021;-1.428624332;-0.368942744;-0.368942744;-2.073685846
25;3;5;6.193947344;3.170833021;-0.263088114;-0.263088114;0.272701993
26;3;6;11.17052578;6.193947344;0.947732856;0.947732856;-0.587074761
27;3;7;6.202533855;11.17052578;-0.26768156;-0.26768156;0.989964096
28;3;8;0.962108032;6.202533855;-0.084997755;-0.084997755;-1.302751389
29;3;9;4.11915214;0.962108032;-0.397386249;-0.397386249;-1.179488831
30;3;10;4.858844805;4.11915214;-0.409530189;-0.409530189;-0.078576264
31;4;1;-2.759108231;1.502041744;-0.145483681;-0.145483681;0.249415154
32;4;2;-2.493593021;-2.759108231;-0.579095006;-0.579095006;-1.805395237
33;4;3;1.920695099;-2.493593021;-0.147030064;-0.147030064;1.323597446
34;4;4;-1.025073774;1.920695099;0.120137961;0.120137961;-1.820930667
35;4;5;-0.210117849;-1.025073774;0.913348321;0.913348321;-0.218782568
36;4;6;1.172980522;-0.210117849;0.6521451;0.6521451;0.866637148
37;4;7;-1.526983407;1.172980522;0.226400479;0.226400479;0.427112496
38;4;8;1.798706618;-1.526983407;0.682849905;0.682849905;-0.818063741
39;4;9;-2.133159219;1.798706618;-0.985294192;-0.985294192;-0.18167346
40;4;10;-6.169409419;-2.133159219;-0.143772369;-0.143772369;-0.331065532
41;5;1;-8.501970724;-5.891569182;0.917938935;0.917938935;-0.874249173
42;5;2;-0.069710401;-8.501970724;-0.424471576;-0.424471576;0.460837362
43;5;3;1.23743533;-0.069710401;0.649293436;0.649293436;0.965709571
44;5;4;-0.753515085;1.23743533;-0.32100559;-0.32100559;1.355492088
45;5;5;0.994392983;-0.753515085;0.282160565;0.282160565;0.108166688
46;5;6;-4.478057997;0.994392983;-0.724486959;-0.724486959;0.48754138
47;5;7;-11.61576236;-4.478057997;0.101848159;0.101848159;-0.691668288
48;5;8;3.428078382;-11.61576236;-0.61592791;-0.61592791;0.040023272
49;5;9;0.815331575;3.428078382;0.430610212;0.430610212;0.752409648
50;5;10;0.217468365;0.815331575;0.644623425;0.644623425;0.809435053
51;6;1;-5.184691708;-9.78815435;0.329430538;0.329430538;1.14201133
52;6;2;-9.841067424;-5.184691708;0.020760894;0.020760894;-1.017949878
53;6;3;-4.067841065;-9.841067424;0.352730179;0.352730179;0.620304317
54;6;4;-3.93086659;-4.067841065;-0.785249429;-0.785249429;0.452410274
55;6;5;-4.656505423;-3.93086659;-0.246929461;-0.246929461;0.228430906
56;6;6;-0.933409452;-4.656505423;0.401133713;0.401133713;0.548839177
57;6;7;-2.561161804;-0.933409452;-0.689390212;-0.689390212;0.012608481
58;6;8;-5.062637363;-2.561161804;-0.085174461;-0.085174461;0.438761187
59;6;9;-0.493800247;-5.062637363;-0.552880851;-0.552880851;1.16152017
60;6;10;-7.4825273;-0.493800247;0.913622538;0.913622538;-2.545042608
61;7;1;12.07368473;3.208509345;0.831277789;0.831277789;2.287219606
62;7;2;12.09283286;12.07368473;0.723064134;0.723064134;1.077584556
63;7;3;-2.92256439;12.09283286;-0.795310052;-0.795310052;0.417833736
64;7;4;10.31233051;-2.92256439;-0.674262243;-0.674262243;1.501436331
65;7;5;-6.003602544;10.31233051;-0.891942049;-0.891942049;-0.421293846
66;7;6;3.625985234;-6.003602544;0.131832016;0.131832016;-0.233087991
67;7;7;7.913253793;3.625985234;0.344293763;0.344293763;0.327409074
68;7;8;-1.621384335;7.913253793;-0.537826071;-0.537826071;-0.794993541
69;7;9;2.57676535;-1.621384335;0.465022093;0.465022093;-1.309057931
70;7;10;1.478124556;2.57676535;-0.977088958;-0.977088958;0.099403102
71;8;1;14.52610987;13.33673192;0.542272319;0.542272319;0.987252434
72;8;2;2.194260382;14.52610987;-0.357139921;-0.357139921;-2.225136495
73;8;3;7.762180615;2.194260382;-0.94549174;-0.94549174;1.361839127
74;8;4;10.66495577;7.762180615;0.671196914;0.671196914;-0.927622177
75;8;5;9.811088673;10.66495577;0.944488275;0.944488275;-0.485079714
76;8;6;5.581834338;9.811088673;-0.429187795;-0.429187795;0.036511615
77;8;7;6.085971583;5.581834338;-0.815810583;-0.815810583;0.509195042
78;8;8;10.67971905;6.085971583;-0.413318305;-0.413318305;1.613572528
79;8;9;-0.053570896;10.67971905;-0.7716637;-0.7716637;-0.97308332
80;8;10;11.80396938;-0.053570896;0.706134646;0.706134646;-0.197263309
81;9;1;3.499097357;-0.333036026;0.148346113;0.148346113;1.198241648
82;9;2;7.621291589;3.499097357;0.275178285;0.275178285;-0.417629438
83;9;3;-2.564936122;7.621291589;-0.782805269;-0.782805269;0.149459687
84;9;4;8.510828351;-2.564936122;-0.09276471;-0.09276471;1.04736133
85;9;5;-4.8049339;8.510828351;-0.819006837;-0.819006837;0.04962516
86;9;6;3.018964242;-4.8049339;0.679069689;0.679069689;-0.740517033
87;9;7;2.120197416;3.018964242;-0.35020345;-0.35020345;-0.670092893
88;9;8;6.86703463;2.120197416;0.915987851;0.915987851;1.026508716
89;9;9;8.383173099;6.86703463;0.967397009;0.967397009;-0.754090863
90;9;10;14.75249002;8.383173099;0.497907463;0.497907463;2.419217574
91;10;1;13.29157369;5.008131259;0.745933475;0.745933475;-0.174659363
92;10;2;1.586880989;13.29157369;-0.024983106;-0.024983106;-1.268038869
93;10;3;10.40784933;1.586880989;0.672256414;0.672256414;-0.015683536
94;10;4;15.63628522;10.40784933;0.160676269;0.160676269;1.460478022
95;10;5;12.18783602;15.63628522;0.695124181;0.695124181;-1.108848932
96;10;6;9.61290901;12.18783602;-0.352315912;-0.352315912;0.483854482
97;10;7;6.676556415;9.61290901;-0.494603669;-0.494603669;-1.172899551
98;10;8;12.49113934;6.676556415;0.637385705;0.637385705;0.648470511
99;10;9;1.987887127;12.49113934;-0.622455163;-0.622455163;-0.179776427
100;10;10;6.588128145;1.987887127;-0.607929569;-0.607929569;-0.593403971
101;11;1;25.86025878;23.17131481;0.728804322;0.728804322;0.214399202
102;11;2;13.47603974;25.86025878;-0.072978708;-0.072978708;-0.603308066
103;11;3;20.59839887;13.47603974;0.180795045;0.180795045;0.167968933
104;11;4;25.34509861;20.59839887;0.598750793;0.598750793;1.756361299
105;11;5;26.48751731;25.34509861;0.765999427;0.765999427;-0.060876899
106;11;6;29.22189972;26.48751731;0.93987764;0.93987764;0.025209338
107;11;7;31.19630013;29.22189972;0.612347919;0.612347919;0.713726916
108;11;8;32.29849677;31.19630013;0.988105126;0.988105126;1.022001176
109;11;9;29.85715535;32.29849677;0.803600577;0.803600577;0.419408529
110;11;10;26.89825161;29.85715535;0.137150619;0.137150619;-0.108934004
111;12;1;4.042475787;-1.39606845;-0.402997752;-0.402997752;0.652154084
112;12;2;1.733984781;4.042475787;-0.471392241;-0.471392241;0.184113155
113;12;3;1.767254307;1.733984781;0.342851792;0.342851792;-0.936700405
114;12;4;5.485482121;1.767254307;0.883281584;0.883281584;-0.783737177
115;12;5;3.890726645;5.485482121;-0.176033386;-0.176033386;0.867863537
116;12;6;2.910497518;3.890726645;-0.755671168;-0.755671168;0.592300251
117;12;7;2.739132463;2.910497518;-0.179339061;-0.179339061;0.613120677
118;12;8;6.140781589;2.739132463;0.93193571;0.93193571;0.083158326
119;12;9;9.329890236;6.140781589;0.670315625;0.670315625;1.565442265
120;12;10;8.927568545;9.329890236;0.971394486;0.971394486;-0.256652146
121;13;1;3.402987565;-1.113908087;-0.384586935;-0.384586935;0.267140955
122;13;2;4.949622241;3.402987565;0.351165282;0.351165282;0.129470179
123;13;3;3.586577163;4.949622241;0.209168549;0.209168549;-1.010062776
124;13;4;-0.216808372;3.586577163;0.355057339;0.355057339;0.114012369
125;13;5;2.49631003;-0.216808372;0.509601614;0.509601614;-0.085411539
126;13;6;2.009744486;2.49631003;0.700746371;0.700746371;-2.324583146
127;13;7;-3.565293149;2.009744486;-0.302559592;-0.302559592;-1.521287688
128;13;8;6.832650288;-3.565293149;-0.077674619;-0.077674619;0.538552055
129;13;9;-1.843005491;6.832650288;-0.506602688;-0.506602688;-0.092773276
130;13;10;-1.31889752;-1.843005491;0.048457501;0.048457501;-0.59505092
131;14;1;-6.821232882;-6.301107878;-0.51306675;-0.51306675;-0.667887437
132;14;2;-1.947956093;-6.821232882;-0.937601607;-0.937601607;0.822189329
133;14;3;-4.44746198;-1.947956093;0.164619032;0.164619032;1.459928954
134;14;4;-9.065985602;-4.44746198;0.506538459;0.506538459;0.323270503
135;14;5;-9.327121168;-9.065985602;0.279585346;0.279585346;-0.640910449
136;14;6;-7.512478821;-9.327121168;-0.141734285;-0.141734285;-0.265547776
137;14;7;-5.773841803;-7.512478821;0.417716784;0.417716784;-0.799766429
138;14;8;-4.685035779;-5.773841803;0.529966657;0.529966657;1.192305957
139;14;9;-7.731888841;-4.685035779;-0.200357238;-0.200357238;-1.085009369
140;14;10;-5.854663139;-7.731888841;-0.205134716;-0.205134716;0.058939249
141;15;1;-1.978041399;7.887795166;-0.120117083;-0.120117083;-1.472551682
142;15;2;3.714543977;-1.978041399;0.85468928;0.85468928;-0.217853688
143;15;3;3.465752187;3.714543977;-0.776286019;-0.776286019;1.220502339
144;15;4;6.491485467;3.465752187;0.211057143;0.211057143;0.798076652
145;15;5;6.226237255;6.491485467;0.277422747;0.277422747;0.63589307
146;15;6;-3.922456016;6.226237255;-0.071669849;-0.071669849;-0.483765061
147;15;7;0.788453413;-3.922456016;0.076306517;0.076306517;0.625375904
148;15;8;6.949991882;0.788453413;0.356091996;0.356091996;0.29109729
149;15;9;-1.898747962;6.949991882;-0.710067489;-0.710067489;0.901708731
150;15;10;6.205967329;-1.898747962;0.327481496;0.327481496;1.05573288
151;16;1;-1.963968458;-2.065057189;-0.46442868;-0.46442868;-0.071012969
152;16;2;2.711718405;-1.963968458;0.495470334;0.495470334;0.981037835
153;16;3;0.452444721;2.711718405;0.787871945;0.787871945;-1.194261768
154;16;4;-1.702699505;0.452444721;0.688342079;0.688342079;0.737733743
155;16;5;-3.43215771;-1.702699505;-0.483502818;-0.483502818;-0.989142074
156;16;6;-1.062919407;-3.43215771;-0.312882886;-0.312882886;-0.594026892
157;16;7;-1.057211798;-1.062919407;0.403804345;0.403804345;-0.366356782
158;16;8;2.167021936;-1.057211798;0.003541814;0.003541814;1.877565732
159;16;9;-2.701078996;2.167021936;-0.438283911;-0.438283911;-0.250592675
160;16;10;0.528249189;-2.701078996;0.494162508;0.494162508;0.44696499
161;17;1;4.597219938;4.357650698;-0.092796725;-0.092796725;0.969902318
162;17;2;3.117118713;4.597219938;-0.461589554;-0.461589554;0.25594921
163;17;3;5.795394132;3.117118713;-0.320418427;-0.320418427;-0.817678621
164;17;4;6.373999695;5.795394132;-0.132536659;-0.132536659;0.404438029
165;17;5;3.827751128;6.373999695;-0.043177997;-0.043177997;-0.419817221
166;17;6;15.08901096;3.827751128;0.200623027;0.200623027;2.684006988
167;17;7;-3.249894611;15.08901096;-0.561174099;-0.561174099;1.296274608
168;17;8;2.546233279;-3.249894611;0.742369408;0.742369408;-1.6690013
169;17;9;1.116985319;2.546233279;-0.234284672;-0.234284672;-0.483909171
170;17;10;1.322072365;1.116985319;0.151935845;0.151935845;-1.976208895
171;18;1;-10.32192283;-7.274700363;0.32985887;0.32985887;-0.189599117
172;18;2;-4.252399398;-10.32192283;-0.008517841;-0.008517841;1.550925242
173;18;3;-9.602277532;-4.252399398;-0.241860037;-0.241860037;0.339489839
174;18;4;-6.929965954;-9.602277532;-0.445812908;-0.445812908;0.259963191
175;18;5;-12.56230628;-6.929965954;0.368123821;0.368123821;-1.091802103
176;18;6;-1.282042451;-12.56230628;-0.55756687;-0.55756687;0.622703675
177;18;7;-7.63650042;-1.282042451;-0.388731591;-0.388731591;-0.360409284
178;18;8;-4.046489812;-7.63650042;-0.578802622;-0.578802622;-0.144841544
179;18;9;-11.38328388;-4.046489812;0.086489894;0.086489894;-0.315556402
180;18;10;-10.30455824;-11.38328388;0.661967048;0.661967048;-1.348466814
181;19;1;0.620481352;-7.539818265;0.362469978;0.362469978;0.322362851
182;19;2;0.502738124;0.620481352;-0.970154878;-0.970154878;0.927191242
183;19;3;-0.48199502;0.502738124;0.576686069;0.576686069;-0.892910686
184;19;4;1.319181933;-0.48199502;-0.456074097;-0.456074097;0.703694152
185;19;5;-1.109695674;1.319181933;-0.701375727;-0.701375727;0.874205363
186;19;6;2.674212749;-1.109695674;0.633212973;0.633212973;1.025941991
187;19;7;2.233786021;2.674212749;-0.780197305;-0.780197305;0.998656727
188;19;8;-2.377658162;2.233786021;-0.394065513;-0.394065513;0.156681789
189;19;9;0.189119116;-2.377658162;0.759869218;0.759869218;-0.572693797
190;19;10;-4.657294843;0.189119116;0.062906231;0.062906231;-1.236743687
191;20;1;1.164127472;0.722422669;-0.661177165;-0.661177165;-0.106755544
192;20;2;5.065974366;1.164127472;0.692304763;0.692304763;-0.546344609
193;20;3;0.779335976;5.065974366;-0.956915723;-0.956915723;0.248851048
194;20;4;0.342230516;0.779335976;-0.836485997;-0.836485997;-0.95165023
195;20;5;4.336526994;0.342230516;-0.247370168;-0.247370168;0.126318795
196;20;6;9.053027021;4.336526994;0.052240759;0.052240759;1.355980979
197;20;7;-0.771936827;9.053027021;-0.671333868;-0.671333868;0.093281113
198;20;8;4.997857996;-0.771936827;0.765389106;0.765389106;-0.002464729
199;20;9;3.904259408;4.997857996;0.028964716;0.028964716;-0.834065505
200;20;10;2.63416946;3.904259408;0.199512088;0.199512088;-0.259249862
201;21;1;-7.585293109;-7.449829241;0.335624796;0.335624796;0.787537536
202;21;2;-12.50339447;-7.585293109;-0.226900574;-0.226900574;-1.048829361
203;21;3;-0.823517905;-12.50339447;-0.609839258;-0.609839258;0.555258468
204;21;4;-7.084597562;-0.823517905;0.140664844;0.140664844;-0.908184994
205;21;5;-15.24996966;-7.084597562;-0.334983129;-0.334983129;-2.108882849
206;21;6;-10.33341371;-15.24996966;-0.210415325;-0.210415325;-1.034012623
207;21;7;-15.39040639;-10.33341371;0.082379445;0.082379445;-0.750373592
208;21;8;-10.94380235;-15.39040639;0.553845538;0.553845538;1.041044521
209;21;9;-2.442292076;-10.94380235;-0.633895005;-0.633895005;-0.290396669
210;21;10;-9.413392804;-2.442292076;0.455430616;0.455430616;0.758168851
211;22;1;19.31020979;14.69794681;0.911013098;0.911013098;1.04722405
212;22;2;-4.970605439;19.31020979;-0.673499088;-0.673499088;-1.062762979
213;22;3;9.134549418;-4.970605439;-0.224299051;-0.224299051;-0.60211683
214;22;4;17.37867935;9.134549418;0.624269431;0.624269431;0.57704476
215;22;5;-1.237138429;17.37867935;-0.550285107;-0.550285107;-1.610763084
216;22;6;13.00384578;-1.237138429;-0.758888165;-0.758888165;0.263139741
217;22;7;-0.680588192;13.00384578;-0.641133687;-0.641133687;-0.244841356
218;22;8;9.408952897;-0.680588192;-0.093881811;-0.093881811;0.339260385
219;22;9;3.8194319;9.408952897;-0.55571084;-0.55571084;-0.785125852
220;22;10;12.81949128;3.8194319;0.202407211;0.202407211;0.887480847
221;23;1;-3.478953009;5.594611183;-0.573465106;-0.573465106;0.949907059
222;23;2;3.468717972;-3.478953009;-0.645470008;-0.645470008;-0.022902882
223;23;3;-2.834204824;3.468717972;-0.57864152;-0.57864152;0.760405793
224;23;4;1.165807583;-2.834204824;-0.122264469;-0.122264469;-0.390528913
225;23;5;0.298611052;1.165807583;-0.676437302;-0.676437302;0.410141245
226;23;6;-0.103118655;0.298611052;0.306755627;0.306755627;-1.034988178
227;23;7;0.406129763;-0.103118655;-0.585342803;-0.585342803;0.246239284
228;23;8;-2.980827106;0.406129763;-0.318152457;-0.318152457;-1.863759669
229;23;9;6.982749675;-2.980827106;-0.334169294;-0.334169294;2.355968287
230;23;10;-10.28329481;6.982749675;-0.889949998;-0.889949998;-2.725483217
231;24;1;3.13196216;-4.316044074;-0.398354756;-0.398354756;1.396169083
232;24;2;-1.88397745;3.13196216;-0.696350358;-0.696350358;-0.63637635
233;24;3;-2.273984174;-1.88397745;-0.750842007;-0.750842007;-1.501617832
234;24;4;2.339956111;-2.273984174;-0.63162295;-0.63162295;1.074813265
235;24;5;1.091480992;2.339956111;0.802070123;0.802070123;-0.197998141
236;24;6;-2.589788503;1.091480992;-0.683429367;-0.683429367;0.58510701
237;24;7;0.677300351;-2.589788503;0.394075662;0.394075662;-0.369666247
238;24;8;1.510515795;0.677300351;0.271331422;0.271331422;0.779079836
239;24;9;-2.873887249;1.510515795;-0.398341552;-0.398341552;-0.236209262
240;24;10;-0.081075741;-2.873887249;-0.434208807;-0.434208807;0.640522779
241;25;1;6.809701509;11.87128834;-0.150334935;-0.150334935;0.129801282
242;25;2;4.914213471;6.809701509;-0.167535214;-0.167535214;-0.91005814
243;25;3;10.25960113;4.914213471;0.953843012;0.953843012;-0.082629783
244;25;4;8.723777869;10.25960113;0.139044991;0.139044991;-1.185941811
245;25;5;10.02608315;8.723777869;0.157765598;0.157765598;0.392815541
246;25;6;11.44475861;10.02608315;0.656842701;0.656842701;-0.064837375
247;25;7;13.2690234;11.44475861;0.582612354;0.582612354;0.339211211
248;25;8;8.622524748;13.2690234;0.717256636;0.717256636;-1.764938238
249;25;9;2.015281349;8.622524748;-0.450805696;-0.450805696;0.368441423
250;25;10;8.428322992;2.015281349;-0.351844423;-0.351844423;0.730350558
251;26;1;-13.06238746;-7.412564017;-0.001617805;-0.001617805;-2.489370829
252;26;2;-9.322320842;-13.06238746;0.679182873;0.679182873;0.067449256
253;26;3;-8.091708522;-9.322320842;-0.368309273;-0.368309273;-2.018544484
254;26;4;-8.245449054;-8.091708522;0.764234175;0.764234175;0.239371063
255;26;5;-7.437817709;-8.245449054;-0.043285687;-0.043285687;-1.266930654
256;26;6;-2.064173519;-7.437817709;-0.154745671;-0.154745671;-0.088037399
257;26;7;-11.87334234;-2.064173519;0.073422731;0.073422731;-1.597031948
258;26;8;-10.08960415;-11.87334234;0.254136739;0.254136739;-0.276707313
259;26;9;-2.314480023;-10.08960415;-0.772304446;-0.772304446;-0.878945153
260;26;10;-2.842620391;-2.314480023;0.522449445;0.522449445;1.442695164
261;27;1;8.223638794;4.406528904;0.390621975;0.390621975;0.384645496
262;27;2;10.33993518;8.223638794;0.748305074;0.748305074;-0.085425744
263;27;3;10.09138148;10.33993518;0.171922406;0.171922406;-0.131338658
264;27;4;9.714462038;10.09138148;0.874672348;0.874672348;-0.200931583
265;27;5;11.80431994;9.714462038;0.982288134;0.982288134;-0.167197654
266;27;6;-1.445187586;11.80431994;-0.520166405;-0.520166405;1.741435667
267;27;7;10.31843235;-1.445187586;0.794914034;0.794914034;0.13526625
268;27;8;-5.534620228;10.31843235;-0.988392286;-0.988392286;-2.98260147
269;27;9;8.716854077;-5.534620228;-0.013093559;-0.013093559;-0.383475618
270;27;10;11.04460247;8.716854077;0.723276919;0.723276919;-0.473309489
271;28;1;-4.931882136;0.321890104;0.629256324;0.629256324;-2.008945804
272;28;2;-2.474043109;-4.931882136;0.919151512;0.919151512;-0.089886736
273;28;3;1.835809515;-2.474043109;0.100057569;0.100057569;1.439879971
274;28;4;-0.452407559;1.835809515;0.344236172;0.344236172;0.327480354
275;28;5;1.392676265;-0.452407559;0.870281219;0.870281219;1.129261641
276;28;6;-5.646258549;1.392676265;0.128842139;0.128842139;-0.96547995
277;28;7;-0.868081739;-5.646258549;-0.180944295;-0.180944295;0.279967151
278;28;8;-3.863835899;-0.868081739;-0.368394748;-0.368394748;-0.986590379
279;28;9;-3.304517819;-3.863835899;-0.149813237;-0.149813237;-0.883698703
280;28;10;-2.624793515;-3.304517819;0.622503138;0.622503138;-0.447484944
281;29;1;-1.007039164;-3.656134857;0.780513084;0.780513084;0.549029079
282;29;2;-2.175840635;-1.007039164;0.138957355;0.138957355;0.904430655
283;29;3;1.01603953;-2.175840635;-0.922876623;-0.922876623;0.010158747
284;29;4;-2.380141338;1.01603953;-0.260243219;-0.260243219;-1.250346225
285;29;5;2.092852989;-2.380141338;-0.958401679;-0.958401679;0.112242179
286;29;6;2.38345812;2.092852989;0.780237617;0.780237617;0.415328706
287;29;7;3.075383412;2.38345812;0.533912566;0.533912566;-0.07552835
288;29;8;-0.513134707;3.075383412;-0.372712388;-0.372712388;1.094541438
289;29;9;2.420916911;-0.513134707;0.698199037;0.698199037;0.832580773
290;29;10;-1.794345266;2.420916911;-0.264764633;-0.264764633;0.229245698
291;30;1;-13.31104099;-13.93100404;0.672646507;0.672646507;0.211483749
292;30;2;-6.646542341;-13.31104099;-0.185104404;-0.185104404;0.060907142
293;30;3;-8.721968365;-6.646542341;0.811607645;0.811607645;0.15465754
294;30;4;-7.806375747;-8.721968365;0.192717201;0.192717201;1.072869034
295;30;5;-11.69966258;-7.806375747;-0.133814174;-0.133814174;-1.702636936
296;30;6;-9.371787299;-11.69966258;0.338666517;0.338666517;1.433171237
297;30;7;-10.50691121;-9.371787299;0.650768827;0.650768827;-0.368557773
298;30;8;-10.08605109;-10.50691121;0.588062323;0.588062323;-0.513397827
299;30;9;-9.569790745;-10.08605109;0.496788303;0.496788303;0.248874927
300;30;10;-1.95955401;-9.569790745;-0.796989853;-0.796989853;0.663014734
301;31;1;4.186530687;1.312620304;-0.256643165;-0.256643165;0.560188102
302;31;2;3.839793289;4.186530687;-0.470836953;-0.470836953;0.844840804
303;31;3;4.962739615;3.839793289;0.581277469;0.581277469;0.168909584
304;31;4;1.843427257;4.962739615;-0.18815154;-0.18815154;-0.068174827
305;31;5;3.143116179;1.843427257;0.938390759;0.938390759;-0.784975525
306;31;6;-2.320792511;3.143116179;-0.999922744;-0.999922744;0.913312913
307;31;7;1.734440504;-2.320792511;0.86308619;0.86308619;0.089416408
308;31;8;-6.738958496;1.734440504;-0.529436515;-0.529436515;-2.103826438
309;31;9;4.396983904;-6.738958496;-0.805766947;-0.805766947;0.985672448
310;31;10;-7.713812775;4.396983904;-0.655905961;-0.655905961;-0.450509414
311;32;1;-6.716034195;-6.742687894;0.24779872;0.24779872;-0.089176011
312;32;2;-7.046347977;-6.716034195;0.976687368;0.976687368;-1.001524291
313;32;3;-5.783933786;-7.046347977;-0.861390351;-0.861390351;-0.862501574
314;32;4;-4.98826499;-5.783933786;-0.763656994;-0.763656994;-0.711270611
315;32;5;-5.986033559;-4.98826499;0.567650708;0.567650708;0.561727982
316;32;6;-9.776447684;-5.986033559;0.657631282;0.657631282;-1.246242196
317;32;7;-12.29573746;-9.776447684;0.354139091;0.354139091;-1.224223041
318;32;8;-9.670169195;-12.29573746;0.555108482;0.555108482;-0.480029297
319;32;9;-1.319811438;-9.670169195;-0.978107691;-0.978107691;-0.38923383
320;32;10;-4.682124221;-1.319811438;-0.507716594;-0.507716594;0.059476401
321;33;1;14.57772793;11.7786084;0.665083787;0.665083787;0.522320855
322;33;2;-1.628759359;14.57772793;-0.98775226;-0.98775226;-0.078888857
323;33;3;12.32910302;-1.628759359;0.566661511;0.566661511;0.280391999
324;33;4;5.94130302;12.32910302;-0.145480824;-0.145480824;-0.164780528
325;33;5;6.982081925;5.94130302;-0.220402437;-0.220402437;-0.444478885
326;33;6;13.42929865;6.982081925;0.851435193;0.851435193;-0.886094391
327;33;7;4.034323126;13.42929865;-0.0607432;-0.0607432;0.184664309
328;33;8;7.743714079;4.034323126;0.297868825;0.297868825;0.501198477
329;33;9;13.8320767;7.743714079;0.032938776;0.032938776;1.217341862
330;33;10;15.51704853;13.8320767;0.704439455;0.704439455;0.01568141
331;34;1;17.55062935;9.821617136;0.16074699;0.16074699;1.137817119
332;34;2;13.46238366;17.55062935;0.104698075;0.104698075;0.469209193
333;34;3;17.82542306;13.46238366;0.885911088;0.885911088;0.629987226
334;34;4;-3.814001032;17.82542306;-0.92341772;-0.92341772;0.101887976
335;34;5;6.741632936;-3.814001032;0.175579081;0.175579081;-0.838744105
336;34;6;11.81025965;6.741632936;0.102482834;0.102482834;-0.397845241
337;34;7;-5.01689583;11.81025965;-0.996059028;-0.996059028;-1.783077014
338;34;8;6.136718376;-5.01689583;0.155747906;0.155747906;-0.148876458
339;34;9;4.777362537;6.136718376;-0.05456574;-0.05456574;-0.11465547
340;34;10;10.81871981;4.777362537;0.968934264;0.968934264;0.994058115
341;35;1;2.535381593;1.697781278;0.656082463;0.656082463;-3.231430215
342;35;2;1.658724798;2.535381593;-0.956902854;-0.956902854;-0.687746072
343;35;3;2.505971309;1.658724798;0.606487707;0.606487707;-2.239581514
344;35;4;9.323931245;2.505971309;0.74495615;0.74495615;1.21172077
345;35;5;5.470768063;9.323931245;-0.402686622;-0.402686622;1.236105754
346;35;6;-0.544182338;5.470768063;-0.280490225;-0.280490225;-1.572301515
347;35;7;3.739343174;-0.544182338;0.226154664;0.226154664;-1.311111596
348;35;8;-2.084167762;3.739343174;-0.847498605;-0.847498605;-0.548231505
349;35;9;9.554287665;-2.084167762;-0.746275681;-0.746275681;0.785973444
350;35;10;-0.31909447;9.554287665;-0.539022153;-0.539022153;1.372817151
351;36;1;-3.371369485;3.037633683;-0.941050976;-0.941050976;-1.759331561
352;36;2;2.303182397;-3.371369485;0.212890644;0.212890644;0.133109846
353;36;3;1.22389373;2.303182397;0.178939809;0.178939809;-1.185707166
354;36;4;10.30148062;1.22389373;0.950967695;0.950967695;0.321479605
355;36;5;0.4689183;10.30148062;-0.017899158;-0.017899158;0.434934067
356;36;6;7.159689709;0.4689183;0.085023181;0.085023181;0.561875056
357;36;7;1.371943226;7.159689709;-0.265312448;-0.265312448;0.130383852
358;36;8;2.757518391;1.371943226;-0.598427516;-0.598427516;0.439542152
359;36;9;4.317716309;2.757518391;-0.629541737;-0.629541737;1.167134067
360;36;10;-2.400758235;4.317716309;-0.493607661;-0.493607661;-2.279458531
361;37;1;5.758942955;0.780789246;0.305369515;0.305369515;-0.744266175
362;37;2;5.194710019;5.758942955;-0.995686729;-0.995686729;0.98052175
363;37;3;10.75087163;5.194710019;0.627380464;0.627380464;0.811979337
364;37;4;16.0801808;10.75087163;0.976748438;0.976748438;0.858240443
365;37;5;21.67140819;16.0801808;0.79107289;0.79107289;1.313677002
366;37;6;-6.533774405;21.67140819;-0.713043183;-0.713043183;-0.858942379
367;37;7;12.47072152;-6.533774405;-0.808945308;-0.808945308;-0.230044285
368;37;8;13.04539674;12.47072152;0.643860513;0.643860513;-0.335629955
369;37;9;-3.432795581;13.04539674;-0.621761729;-0.621761729;-0.848092194
370;37;10;9.633331302;-3.432795581;0.185001779;0.185001779;0.026350653
371;38;1;-2.261797297;-2.49472153;-0.470596448;-0.470596448;1.123709814
372;38;2;-4.595550339;-2.261797297;-0.064613519;-0.064613519;-0.545573054
373;38;3;2.193003468;-4.595550339;0.335022898;0.335022898;1.539146911
374;38;4;-5.752220546;2.193003468;-0.021958712;-0.021958712;-0.005826802
375;38;5;-5.691478454;-5.752220546;-0.466273453;-0.466273453;-0.494974942
376;38;6;-1.32533556;-5.691478454;-0.025541707;-0.025541707;1.054292687
377;38;7;-3.482007272;-1.32533556;-0.221022373;-0.221022373;-0.288858983
378;38;8;-5.124975583;-3.482007272;-0.782241941;-0.782241941;-1.819609507
379;38;9;-6.17464864;-5.124975583;0.469386286;0.469386286;0.01188878
380;38;10;2.159662504;-6.17464864;-0.871752649;-0.871752649;0.718183339
381;39;1;-3.819613328;11.01494371;-0.771531782;-0.771531782;0.568417999
382;39;2;6.134862621;-3.819613328;-0.931780608;-0.931780608;-0.382251374
383;39;3;9.210503952;6.134862621;0.016921034;0.016921034;0.437972472
384;39;4;8.45819458;9.210503952;0.642762885;0.642762885;-0.587810861
385;39;5;10.52695101;8.45819458;0.697684697;0.697684697;-0.998687397
386;39;6;15.04923162;10.52695101;0.800176103;0.800176103;1.051184391
387;39;7;15.07100979;15.04923162;0.850273302;0.850273302;0.230336212
388;39;8;10.89186139;15.07100979;0.814318646;0.814318646;-0.209311092
389;39;9;-1.054042762;10.89186139;-0.609109568;-0.609109568;1.30795385
390;39;10;5.620783981;-1.054042762;-0.688170383;-0.688170383;0.340299018
391;40;1;-0.471873367;-2.315274706;-0.137532353;-0.137532353;-1.624347561
392;40;2;6.281104309;-0.471873367;-0.779954456;-0.779954456;0.050176191
393;40;3;0.760563533;6.281104309;-0.321184826;-0.321184826;-0.730996682
394;40;4;3.010764023;0.760563533;0.065609587;0.065609587;-0.22603428
395;40;5;4.366506761;3.010764023;-0.255861957;-0.255861957;1.513722918
396;40;6;3.002593206;4.366506761;-0.621863143;-0.621863143;0.725547197
397;40;7;2.326323427;3.002593206;-0.147673899;-0.147673899;-0.213919856
398;40;8;9.653562378;2.326323427;0.846533577;0.846533577;0.101738247
399;40;9;11.9854382;9.653562378;0.81401203;0.81401203;0.200406917
400;40;10;-1.912191072;11.9854382;-0.652729655;-0.652729655;1.488053271
401;41;1;-3.158299988;1.227348784;0.342569133;0.342569133;-0.79448482
402;41;2;2.343704689;-3.158299988;-0.206871884;-0.206871884;1.558443121
403;41;3;-1.363065416;2.343704689;-0.519905295;-0.519905295;1.580187836
404;41;4;0.473784481;-1.363065416;-0.312706901;-0.312706901;0.276860535
405;41;5;1.13122503;0.473784481;0.928299586;0.928299586;-0.974812091
406;41;6;5.962282712;1.13122503;0.923087402;0.923087402;0.386454105
407;41;7;0.00665728;5.962282712;0.569976593;0.569976593;0.406479243
408;41;8;-2.064846405;0.00665728;-0.972220146;-0.972220146;0.483097351
409;41;9;-2.108267338;-2.064846405;0.856526184;0.856526184;-0.714099037
410;41;10;-3.03221771;-2.108267338;0.755093365;0.755093365;-2.37187465
411;42;1;-1.710772847;-4.377185845;-0.953008584;-0.953008584;-0.223940897
412;42;2;-7.244938092;-1.710772847;-0.46997015;-0.46997015;-0.887873118
413;42;3;-9.138121324;-7.244938092;-0.45976024;-0.45976024;-1.782386131
414;42;4;-6.140179019;-9.138121324;-0.449072704;-0.449072704;-1.103209306
415;42;5;0.475364628;-6.140179019;-0.903778066;-0.903778066;1.269809234
416;42;6;-0.012776406;0.475364628;0.766427331;0.766427331;0.542635812
417;42;7;-6.73192136;-0.012776406;-0.593495296;-0.593495296;0.919253697
418;42;8;-5.897317389;-6.73192136;0.028490695;0.028490695;0.455475534
419;42;9;-3.079340862;-5.897317389;-0.291379706;-0.291379706;-0.167875407
420;42;10;-6.836111413;-3.079340862;-0.919872729;-0.919872729;-2.696876779
421;43;1;14.90256301;9.271999001;0.205727254;0.205727254;1.209293484
422;43;2;10.801711;14.90256301;0.547987071;0.547987071;-0.232571912
423;43;3;4.508117506;10.801711;-0.093159076;-0.093159076;-0.557974594
424;43;4;7.788231271;4.508117506;-0.880599097;-0.880599097;0.30128519
425;43;5;-4.887847699;7.788231271;-0.973751133;-0.973751133;-2.659295622
426;43;6;7.311148191;-4.887847699;-0.167911615;-0.167911615;-1.420408142
427;43;7;-0.146060797;7.311148191;-0.567464771;-0.567464771;-1.497530512
428;43;8;5.391324852;-0.146060797;0.803230265;0.803230265;-1.652641615
429;43;9;6.820116542;5.391324852;-0.426470711;-0.426470711;-0.881619557
430;43;10;11.67549761;6.820116542;0.863539917;0.863539917;-0.603721226
431;44;1;7.248641014;8.716487171;0.547744547;0.547744547;-1.878772904
432;44;2;8.242171095;7.248641014;0.887525523;0.887525523;0.524913559
433;44;3;9.217132853;8.242171095;0.166753728;0.166753728;-0.878929684
434;44;4;7.383780612;9.217132853;0.006314154;0.006314154;-1.025454719
435;44;5;12.1101755;7.383780612;0.963495736;0.963495736;0.438129518
436;44;6;-3.188632279;12.1101755;-0.946974542;-0.946974542;0.222803882
437;44;7;2.210864306;-3.188632279;0.54809907;0.54809907;-1.219503944
438;44;8;12.0465974;2.210864306;-0.007200532;-0.007200532;1.039024888
439;44;9;12.28495856;12.0465974;0.958688176;0.958688176;-0.271402768
440;44;10;14.07036516;12.28495856;0.884936395;0.884936395;-0.817058751
441;45;1;-0.098760883;-1.3510212;-0.039453011;-0.039453011;0.533858297
442;45;2;1.075041651;-0.098760883;0.071721151;0.071721151;0.583581411
443;45;3;-0.14867152;1.075041651;-0.387200331;-0.387200331;-0.15380822
444;45;4;5.908025263;-0.14867152;0.575156719;0.575156719;0.417321342
445;45;5;2.741217788;5.908025263;-0.442523823;-0.442523823;-0.759042762
446;45;6;-4.948638017;2.741217788;-0.72433472;-0.72433472;0.193174414
447;45;7;2.06190999;-4.948638017;0.455886146;0.455886146;1.749123312
448;45;8;-0.060820251;2.06190999;0.276510487;0.276510487;-1.397400156
449;45;9;2.238725262;-0.060820251;0.189611493;0.189611493;1.102014817
450;45;10;-3.78994215;2.238725262;-0.309141716;-0.309141716;0.046469835
451;46;1;0.813211145;0.438824509;-0.6430499;-0.6430499;-0.442171997
452;46;2;3.547536511;0.813211145;-0.111889183;-0.111889183;0.606547923
453;46;3;9.446259067;3.547536511;0.998081697;0.998081697;-0.023986415
454;46;4;-1.156859002;9.446259067;0.436985863;0.436985863;-2.167565593
455;46;5;2.348128542;-1.156859002;-0.760818;-0.760818;-1.214018835
456;46;6;7.733802236;2.348128542;0.773179342;0.773179342;0.294984763
457;46;7;6.472776859;7.733802236;0.163194996;0.163194996;0.397928121
458;46;8;5.878263895;6.472776859;0.535428182;0.535428182;1.673459481
459;46;9;-0.116912837;5.878263895;-0.685304357;-0.685304357;1.565824207
460;46;10;-3.601370169;-0.116912837;-0.177240597;-0.177240597;-1.658470234
461;47;1;8.009373738;2.819398703;-0.663826304;-0.663826304;1.184361327
462;47;2;-4.087451498;8.009373738;-0.725171261;-0.725171261;-1.09146921
463;47;3;10.06548871;-4.087451498;0.74721917;0.74721917;1.054558066
464;47;4;12.3072491;10.06548871;0.657002402;0.657002402;1.430352996
465;47;5;9.364147448;12.3072491;-0.499607017;-0.499607017;2.057273591
466;47;6;7.022429749;9.364147448;0.564436674;0.564436674;-0.109861786
467;47;7;3.489726655;7.022429749;-0.103860717;-0.103860717;-0.597533571
468;47;8;2.121046159;3.489726655;-0.001529589;-0.001529589;-0.044215355
469;47;9;5.104204386;2.121046159;0.518367543;0.518367543;-0.327039179
470;47;10;5.113031905;5.104204386;-0.97712142;-0.97712142;1.429461854
471;48;1;10.9827904;5.054422206;0.845148286;0.845148286;0.037596164
472;48;2;10.58227622;10.9827904;0.676087384;0.676087384;-0.847450554
473;48;3;-2.900680708;10.58227622;-0.919588263;-0.919588263;-0.501341723
474;48;4;5.469929756;-2.900680708;0.680623536;0.680623536;-0.117871344
475;48;5;7.945116082;5.469929756;0.10463197;0.10463197;-0.852147561
476;48;6;9.581930429;7.945116082;0.355689588;0.355689588;0.358645931
477;48;7;-3.319429173;9.581930429;-0.569939618;-0.569939618;-0.879553877
478;48;8;8.757772848;-3.319429173;-0.467744232;-0.467744232;-0.847364475
479;48;9;7.666950551;8.757772848;0.437108042;0.437108042;-0.87171003
480;48;10;4.372430239;7.666950551;-0.774515084;-0.774515084;1.952527963
481;49;1;6.35692871;6.055295747;-0.389560303;-0.389560303;-0.571882437
482;49;2;12.3961988;6.35692871;0.174894144;0.174894144;-1.795749
483;49;3;12.92740554;12.3961988;-0.291338276;-0.291338276;0.957403995
484;49;4;-4.278720997;12.92740554;-0.638235495;-0.638235495;-2.117120569
485;49;5;13.93047131;-4.278720997;0.01713156;0.01713156;0.181496632
486;49;6;3.371512024;13.93047131;-0.676500711;-0.676500711;-0.398310786
487;49;7;17.36087025;3.371512024;0.755276839;0.755276839;0.363298252
488;49;8;20.24709886;17.36087025;0.787242616;0.787242616;0.677117731
489;49;9;8.022302821;20.24709886;-0.196647343;-0.196647343;0.132316892
490;49;10;13.62722879;8.022302821;-0.296811795;-0.296811795;0.685297635
491;50;1;-2.216299125;-10.86864917;-0.236140286;-0.236140286;0.755297101
492;50;2;-6.667261559;-2.216299125;0.738053489;0.738053489;0.314647228
493;50;3;-2.753328177;-6.667261559;0.836683731;0.836683731;-0.180189132
494;50;4;-10.15307661;-2.753328177;-0.43597114;-0.43597114;-1.267333081
495;50;5;-9.178775092;-10.15307661;0.899397103;0.899397103;-0.657766878
496;50;6;-1.859375293;-9.178775092;-0.464134655;-0.464134655;0.678238366
497;50;7;-8.74988661;-1.859375293;0.562453396;0.562453396;-1.46814897
498;50;8;-2.460952279;-8.74988661;0.141746748;0.141746748;0.579149992
499;50;9;-3.441568793;-2.460952279;-0.928235525;-0.928235525;0.593669722
500;50;10;-5.112229238;-3.441568793;0.256352664;0.256352664;1.326637934
501;51;1;7.272095307;5.90654171;0.893071556;0.893071556;-0.129636386
502;51;2;1.02938198;7.272095307;-0.061825959;-0.061825959;-0.824946146
503;51;3;-1.82862222;1.02938198;-0.968579521;-0.968579521;0.131155326
504;51;4;3.865370071;-1.82862222;-0.048059536;-0.048059536;0.357300928
505;51;5;5.093287319;3.865370071;0.58656592;0.58656592;-0.342056103
506;51;6;7.74613584;5.093287319;0.271050347;0.271050347;-0.685209912
507;51;7;2.617982616;7.74613584;-0.978013186;-0.978013186;1.572039886
508;51;8;6.672157577;2.617982616;0.171733706;0.171733706;-0.442144879
509;51;9;0.424288772;6.672157577;-0.299636472;-0.299636472;-0.675116417
510;51;10;3.316244312;0.424288772;-0.602325585;-0.602325585;-0.071599091
511;52;1;-2.050628638;4.211665788;-0.290743434;-0.290743434;0.921754537
512;52;2;-2.550310786;-2.050628638;0.618913405;0.618913405;-1.057785689
513;52;3;1.167486776;-2.550310786;0.733836937;0.733836937;1.365638733
514;52;4;-1.122990117;1.167486776;-0.83591035;-0.83591035;0.020846675
515;52;5;2.387084052;-1.122990117;0.938712179;0.938712179;-0.906473067
516;52;6;-1.220196748;2.387084052;0.68861901;0.68861901;-1.18963166
517;52;7;0.777057766;-1.220196748;0.524919536;0.524919536;-0.180476791
518;52;8;-1.839264466;0.777057766;0.528441635;0.528441635;-0.387835512
519;52;9;0.518873103;-1.839264466;-0.615206375;-0.615206375;1.778324533
520;52;10;0.632465153;0.518873103;0.302276704;0.302276704;-0.598322432
521;53;1;8.635232494;-2.292372717;-0.015785092;-0.015785092;0.684195319
522;53;2;17.52669408;8.635232494;0.998955893;0.998955893;0.775102358
523;53;3;14.85220378;17.52669408;0.105624423;0.105624423;0.536158071
524;53;4;14.48577733;14.85220378;0.99557212;0.99557212;-0.900266956
525;53;5;-5.392139346;14.48577733;-0.891321238;-0.891321238;-0.923590327
526;53;6;7.579839246;-5.392139346;-0.061411504;-0.061411504;-0.548016972
527;53;7;6.395499906;7.579839246;-0.015420269;-0.015420269;-0.706351594
528;53;8;8.178565716;6.395499906;0.452567652;0.452567652;-0.672187218
529;53;9;13.19448507;8.178565716;0.848241061;0.848241061;-0.035857254
530;53;10;0.215237534;13.19448507;-0.715715845;-0.715715845;-0.197130245
531;54;1;-3.96310887;0.940467296;-0.071254925;-0.071254925;0.459302973
532;54;2;0.14595986;-3.96310887;-0.033694354;-0.033694354;-0.346809202
533;54;3;-1.144085852;0.14595986;-0.046239602;-0.046239602;-0.283788944
534;54;4;-4.768310577;-1.144085852;-0.539901948;-0.539901948;-0.976554826
535;54;5;1.130454496;-4.768310577;-0.56953314;-0.56953314;0.096197835
536;54;6;-7.849724425;1.130454496;-0.921398671;-0.921398671;-0.86132843
537;54;7;-4.735719799;-7.849724425;-0.231876509;-0.231876509;-1.686114524
538;54;8;1.666041338;-4.735719799;-0.965385918;-0.965385918;-0.099450543
539;54;9;0.128624066;1.666041338;0.89254213;0.89254213;0.154151664
540;54;10;-3.732479961;0.128624066;-0.578938452;-0.578938452;-1.286830985
541;55;1;1.755749168;-1.174980921;0.869172625;0.869172625;-1.478157359
542;55;2;3.903290461;1.755749168;0.718462161;0.718462161;0.715376047
543;55;3;4.306359275;3.903290461;0.421495963;0.421495963;0.982824838
544;55;4;3.776037368;4.306359275;0.593346557;0.593346557;1.252941724
545;55;5;-8.622689058;3.776037368;-0.680636467;-0.680636467;-1.497097416
546;55;6;1.012862435;-8.622689058;-0.471475957;-0.471475957;0.332061568
547;55;7;2.998581986;1.012862435;0.959069174;0.959069174;-0.750020628
548;55;8;5.853132318;2.998581986;0.467208388;0.467208388;0.499031759
549;55;9;8.035575571;5.853132318;0.812222749;0.812222749;2.048833396
550;55;10;3.017721093;8.035575571;0.927743006;0.927743006;0.406284663
551;56;1;7.163871157;16.51566062;-0.110679498;-0.110679498;0.332726741
552;56;2;14.16083665;7.163871157;0.807843202;0.807843202;0.377771888
553;56;3;12.95681583;14.16083665;0.597628003;0.597628003;0.04842058
554;56;4;11.79227367;12.95681583;0.745616847;0.745616847;-1.070995995
555;56;5;2.754515842;11.79227367;-0.998961422;-0.998961422;1.147312498
556;56;6;3.248340203;2.754515842;-0.400269309;-0.400269309;-0.445785603
557;56;7;12.80160983;3.248340203;0.741273028;0.741273028;-0.6540808
558;56;8;1.659295564;12.80160983;-0.181861;-0.181861;-0.795250333
559;56;9;5.3502209;1.659295564;-0.652326144;-0.652326144;-0.489098903
560;56;10;1.545961538;5.3502209;-0.787677148;-0.787677148;-0.819475001
561;57;1;-6.949729077;0.308459361;-0.201283135;-0.201283135;-1.154717125
562;57;2;2.293600049;-6.949729077;0.927990417;0.927990417;1.356253938
563;57;3;-0.506331444;2.293600049;0.167534759;0.167534759;0.936604462
564;57;4;-2.372673443;-0.506331444;-0.947920938;-0.947920938;-0.124023174
565;57;5;-5.120737158;-2.372673443;-0.380036624;-0.380036624;0.962173195
566;57;6;-3.394523311;-5.120737158;0.391605306;0.391605306;0.440040332
567;57;7;-0.071645042;-3.394523311;-0.929167646;-0.929167646;1.671886104
568;57;8;-2.154594159;-0.071645042;0.944154534;0.944154534;-0.028526989
569;57;9;-5.3949047;-2.154594159;0.139648442;0.139648442;-0.293147993
570;57;10;-6.106545793;-5.3949047;-0.291685951;-0.291685951;0.510895536
571;58;1;-11.7809872;-3.279976803;0.20324999;0.20324999;-1.329699583
572;58;2;-8.441491027;-11.7809872;0.061925242;0.061925242;0.364382681
573;58;3;-2.217427408;-8.441491027;-0.150379759;-0.150379759;-0.60036491
574;58;4;-11.1506732;-2.217427408;0.470124729;0.470124729;-1.376675525
575;58;5;-6.306272055;-11.1506732;0.590159134;0.590159134;1.222871642
576;58;6;-5.819000234;-6.306272055;0.09830819;0.09830819;1.446043771
577;58;7;-6.091324283;-5.819000234;0.592906054;0.592906054;1.148151106
578;58;8;-4.025686724;-6.091324283;-0.597924354;-0.597924354;0.05731013
579;58;9;-9.694347019;-4.025686724;0.377930949;0.377930949;-0.712206077
580;58;10;-7.181223992;-9.694347019;0.48686545;0.48686545;0.521940611
581;59;1;1.17060018;2.559361653;-0.350228324;-0.350228324;0.416075295
582;59;2;-3.371516477;1.17060018;-0.385951318;-0.385951318;-0.728774404
583;59;3;-3.259959886;-3.371516477;0.042541244;0.042541244;0.128634534
584;59;4;0.403595294;-3.259959886;-0.103812912;-0.103812912;0.799216769
585;59;5;-2.681294878;0.403595294;-0.597845736;-0.597845736;-0.583840948
586;59;6;5.24338125;-2.681294878;-0.736676213;-0.736676213;1.589976681
587;59;7;4.868627347;5.24338125;-0.312029303;-0.312029303;2.287879227
588;59;8;-5.343765173;4.868627347;-0.83720538;-0.83720538;-1.143297226
589;59;9;-0.361339321;-5.343765173;-0.792298872;-0.792298872;-0.388744917
590;59;10;0.165321788;-0.361339321;-0.239619702;-0.239619702;-0.86170488
591;60;1;-7.532363663;-5.655097118;-0.328460452;-0.328460452;-1.484577832
592;60;2;3.063594123;-7.532363663;-0.780987656;-0.780987656;0.586828992
593;60;3;-7.164279175;3.063594123;-0.577642334;-0.577642334;1.761064509
594;60;4;-4.34576294;-7.164279175;-0.416110472;-0.416110472;0.951118428
595;60;5;-2.452198949;-4.34576294;0.596470544;0.596470544;1.999600108
596;60;6;-3.709829985;-2.452198949;-0.405004064;-0.405004064;0.99360205
597;60;7;-5.256449107;-3.709829985;0.067522159;0.067522159;0.395959471
598;60;8;-6.330380564;-5.256449107;-0.115105912;-0.115105912;-0.4116497
599;60;9;-6.592523416;-6.330380564;0.011345218;0.011345218;0.793052556
600;60;10;-6.350991122;-6.592523416;-0.329526283;-0.329526283;-1.03859205
601;61;1;-0.671030588;-2.270108379;-0.31079097;-0.31079097;-1.245770601
602;61;2;0.546246803;-0.671030588;-0.022107208;-0.022107208;0.482174334
603;61;3;0.355806894;0.546246803;-0.015052987;-0.015052987;0.651826166
604;61;4;7.008118062;0.355806894;0.820736124;0.820736124;2.225220168
605;61;5;-0.273810547;7.008118062;-0.462344844;-0.462344844;0.992765949
606;61;6;-2.743715653;-0.273810547;-0.507361946;-0.507361946;0.533317149
607;61;7;-1.750284285;-2.743715653;-0.366195439;-0.366195439;-0.91032071
608;61;8;5.938377641;-1.750284285;-0.872540337;-0.872540337;0.974265311
609;61;9;3.662920187;5.938377641;0.04541027;0.04541027;0.653143746
610;61;10;0.520090686;3.662920187;-0.615702485;-0.615702485;0.637507547
611;62;1;10.25648496;-3.364158401;0.579106593;0.579106593;-1.15548361
612;62;2;13.76468584;10.25648496;0.039191124;0.039191124;0.029993072
613;62;3;1.479871246;13.76468584;-0.719237076;-0.719237076;1.053840361
614;62;4;8.245576993;1.479871246;-0.462713988;-0.462713988;0.628004003
615;62;5;9.317706884;8.245576993;0.240676057;0.240676057;-0.2348358
616;62;6;11.19841155;9.317706884;-0.037497118;-0.037497118;0.248072628
617;62;7;19.88638967;11.19841155;0.438455598;0.438455598;-0.356806822
618;62;8;15.26903662;19.88638967;0.072559318;0.072559318;-0.492594051
619;62;9;19.96385468;15.26903662;0.997355448;0.997355448;0.286561233
620;62;10;17.48360611;19.96385468;0.638906448;0.638906448;0.29408176
621;63;1;-7.012738849;-15.16637378;-0.019101722;-0.019101722;0.331345772
622;63;2;-10.56604123;-7.012738849;0.353047954;0.353047954;-0.275172084
623;63;3;-5.730567415;-10.56604123;-0.43368208;-0.43368208;0.774110251
624;63;4;-18.89248599;-5.730567415;0.559847454;0.559847454;-2.660440686
625;63;5;0.890148011;-18.89248599;-0.823320647;-0.823320647;0.664202818
626;63;6;-10.50573652;0.890148011;-0.800991411;-0.800991411;1.068703064
627;63;7;-14.58791722;-10.50573652;0.857812891;0.857812891;0.629244784
628;63;8;-11.6918622;-14.58791722;0.43267895;0.43267895;2.052351423
629;63;9;-2.160015213;-11.6918622;-0.558653399;-0.558653399;0.980055856
630;63;10;-8.990544611;-2.160015213;0.250033196;0.250033196;0.861417047
631;64;1;-4.971938926;-1.307588374;0.475753759;0.475753759;-1.367454682
632;64;2;-7.685451482;-4.971938926;0.699917932;0.699917932;-1.121998626
633;64;3;-1.156623513;-7.685451482;0.496729449;0.496729449;1.157382087
634;64;4;-2.099190221;-1.156623513;0.436791186;0.436791186;1.049245077
635;64;5;-6.606987747;-2.099190221;-0.359317127;-0.359317127;-1.574647798
636;64;6;-7.787349304;-6.606987747;-0.427592794;-0.427592794;-1.49903502
637;64;7;-6.517792744;-7.787349304;-0.322548298;-0.322548298;0.773740376
638;64;8;-3.79021407;-6.517792744;0.227239655;0.227239655;0.066467629
639;64;9;-3.09049711;-3.79021407;0.215716829;0.215716829;-0.323506701
640;64;10;-2.302418374;-3.09049711;0.831064982;0.831064982;-0.653601688
641;65;1;-0.749241475;1.171354829;0.08652429;0.08652429;1.65237281
642;65;2;-2.953266157;-0.749241475;0.720559704;0.720559704;-0.011772908
643;65;3;-3.192036804;-2.953266157;0.064341435;0.064341435;1.548947762
644;65;4;0.881499294;-3.192036804;-0.141853629;-0.141853629;2.245761077
645;65;5;-3.239004196;0.881499294;0.913206121;0.913206121;0.451551805
646;65;6;-5.286094878;-3.239004196;-0.643369471;-0.643369471;-0.28375654
647;65;7;-1.773740743;-5.286094878;-0.035694453;-0.035694453;0.622688709
648;65;8;-6.36635701;-1.773740743;0.876771051;0.876771051;-0.510142356
649;65;9;-6.745097382;-6.36635701;-0.298841592;-0.298841592;-0.888891367
650;65;10;-9.57060254;-6.745097382;0.721594242;0.721594242;-2.032909703
651;66;1;6.033962817;11.85096125;0.059368214;0.059368214;-1.922150138
652;66;2;11.03482482;6.033962817;0.74225156;0.74225156;1.197319702
653;66;3;18.62186737;11.03482482;0.67070782;0.67070782;0.560168872
654;66;4;11.70934369;18.62186737;0.943081737;0.943081737;-0.331120553
655;66;5;6.09134042;11.70934369;0.342395515;0.342395515;-1.912508355
656;66;6;3.257806531;6.09134042;-0.185958315;-0.185958315;-1.952708081
657;66;7;11.96169087;3.257806531;0.519736267;0.519736267;0.011373644
658;66;8;14.50686538;11.96169087;0.634746446;0.634746446;0.221193556
659;66;9;8.481539639;14.50686538;0.793425951;0.793425951;-1.812422509
660;66;10;7.449873922;8.481539639;-0.340954846;-0.340954846;1.943783596
661;67;1;3.125357087;6.778390586;-0.502018956;-0.502018956;1.003783104
662;67;2;4.110433016;3.125357087;-0.953863287;-0.953863287;0.387506542
663;67;3;1.715401955;4.110433016;-0.890471651;-0.890471651;0.304667277
664;67;4;4.68321418;1.715401955;-0.45479646;-0.45479646;0.416283681
665;67;5;9.709084384;4.68321418;0.697061415;0.697061415;-0.210471707
666;67;6;10.01799692;9.709084384;0.294692217;0.294692217;0.819550008
667;67;7;9.411877537;10.01799692;0.306978381;0.306978381;-0.613281919
668;67;8;10.70218379;9.411877537;0.210616334;0.210616334;0.718520917
669;67;9;4.189660222;10.70218379;-0.355722523;-0.355722523;-0.844475827
670;67;10;-2.369254763;4.189660222;-0.811279429;-0.811279429;-0.970013714
671;68;1;4.444203758;-0.157257416;0.019758518;0.019758518;0.644528422
672;68;2;1.384025396;4.444203758;-0.104754602;-0.104754602;1.51150213
673;68;3;-2.609867457;1.384025396;-0.991884589;-0.991884589;-0.247486333
674;68;4;3.910616977;-2.609867457;0.816466943;0.816466943;0.124915644
675;68;5;-3.064228391;3.910616977;-0.196519434;-0.196519434;-0.910206108
676;68;6;0.203942627;-3.064228391;0.351793636;0.351793636;-0.668077003
677;68;7;4.397762063;0.203942627;0.283512139;0.283512139;2.259160031
678;68;8;0.351172922;4.397762063;-0.096344075;-0.096344075;1.508873054
679;68;9;-2.855255714;0.351172922;0.564653517;0.564653517;-1.367432358
680;68;10;3.255773481;-2.855255714;0.618803295;0.618803295;0.845739806
681;69;1;11.46431217;14.57749261;0.528718146;0.528718146;0.746270519
682;69;2;11.37259904;11.46431217;0.911270596;0.911270596;0.148901608
683;69;3;-4.758842989;11.37259904;-0.97627315;-0.97627315;-0.318980631
684;69;4;8.636649755;-4.758842989;0.594268276;0.594268276;1.509943284
685;69;5;11.75209017;8.636649755;0.573448082;0.573448082;-0.542771861
686;69;6;11.79096175;11.75209017;0.10905117;0.10905117;-1.144204712
687;69;7;-1.409738396;11.79096175;-0.501228581;-0.501228581;1.046218082
688;69;8;4.085273052;-1.409738396;-0.190727593;-0.190727593;-0.429680677
689;69;9;2.999332728;4.085273052;-0.104548183;-0.104548183;-1.629855428
690;69;10;3.698535747;2.999332728;-0.470911802;-0.470911802;0.456265245
691;70;1;-1.346399954;19.8934884;-0.526059189;-0.526059189;0.139043191
692;70;2;9.235823205;-1.346399954;-0.731311603;-0.731311603;-0.405661813
693;70;3;14.0125865;9.235823205;0.16069164;0.16069164;0.839790953
694;70;4;16.3837594;14.0125865;0.31012213;0.31012213;0.987381598
695;70;5;13.34351332;16.3837594;0.782558908;0.782558908;-1.783237897
696;70;6;18.89959411;13.34351332;0.435171584;0.435171584;1.593074749
697;70;7;6.07539263;18.89959411;-0.209429746;-0.209429746;0.26103777
698;70;8;-0.330683562;6.07539263;-0.932306932;-0.932306932;-1.774680557
699;70;9;11.15110032;-0.330683562;0.820164912;0.820164912;-1.279633925
700;70;10;20.04082675;11.15110032;0.923249264;0.923249264;1.124305779
701;71;1;-0.66108726;-4.502843929;-0.839192738;-0.839192738;1.091499033
702;71;2;-4.438964916;-0.66108726;-0.974301983;-0.974301983;0.740719073
703;71;3;-2.514523156;-4.438964916;-0.289244096;-0.289244096;0.231222207
704;71;4;-3.271905792;-2.514523156;0.421605235;0.421605235;0.239267579
705;71;5;-5.895093175;-3.271905792;-0.894708033;-0.894708033;-0.545578204
706;71;6;-6.226008214;-5.895093175;-0.40685715;-0.40685715;0.373115082
707;71;7;-6.424246282;-6.226008214;0.758715918;0.758715918;0.066961615
708;71;8;-1.272899924;-6.424246282;0.860420548;0.860420548;0.167430768
709;71;9;-1.14711827;-1.272899924;-0.472735284;-0.472735284;0.308831707
710;71;10;-2.497819449;-1.14711827;-0.730510821;-0.730510821;-0.139608154
711;72;1;6.296051816;-7.670643025;0.623594242;0.623594242;-0.645095931
712;72;2;12.26453655;6.296051816;0.87021649;0.87021649;2.161217272
713;72;3;6.885466355;12.26453655;-0.151126975;-0.151126975;1.107217868
714;72;4;11.838601;6.885466355;0.295846019;0.295846019;0.168408547
715;72;5;16.45559217;11.838601;0.801036603;0.801036603;1.07777114
716;72;6;-8.3432637;16.45559217;-0.863513837;-0.863513837;-0.861919524
717;72;7;4.787556484;-8.3432637;-0.54630106;-0.54630106;-0.400024245
718;72;8;3.478752101;4.787556484;-0.196432601;-0.196432601;-0.397743175
719;72;9;5.055822482;3.478752101;-0.547208748;-0.547208748;1.042114751
720;72;10;10.56940598;5.055822482;0.213710927;0.213710927;0.530998891
721;73;1;1.46568819;-2.152296984;-0.847475557;-0.847475557;0.561443198
722;73;2;1.567922392;1.46568819;-0.872719394;-0.872719394;1.411264975
723;73;3;-0.610274935;1.567922392;-0.336801901;-0.336801901;-0.010545574
724;73;4;1.483234006;-0.610274935;-0.316213697;-0.316213697;-0.424891791
725;73;5;2.477594472;1.483234006;-0.4370101;-0.4370101;-0.366886633
726;73;6;2.343961791;2.477594472;-0.384665643;-0.384665643;1.550271932
727;73;7;-2.105601325;2.343961791;-0.284955095;-0.284955095;0.104734341
728;73;8;2.170232216;-2.105601325;-0.946562138;-0.946562138;-1.488156484
729;73;9;1.341764807;2.170232216;0.612913797;0.612913797;-0.598816599
730;73;10;7.042601231;1.341764807;0.750446426;0.750446426;0.617776047
731;74;1;8.836547262;-3.650607077;0.066879224;0.066879224;-0.374700101
732;74;2;5.189270978;8.836547262;-0.528769157;-0.528769157;0.352439929
733;74;3;16.44974894;5.189270978;0.686645834;0.686645834;1.448383093
734;74;4;3.720280171;16.44974894;-0.056189207;-0.056189207;-1.331362638
735;74;5;9.261586602;3.720280171;0.235249338;0.235249338;-0.945084424
736;74;6;1.617342029;9.261586602;-0.979791715;-0.979791715;0.022208321
737;74;7;10.76103213;1.617342029;0.314305195;0.314305195;-1.118423447
738;74;8;1.774606068;10.76103213;-0.294849661;-0.294849661;-0.97359785
739;74;9;16.88778685;1.774606068;0.90161154;0.90161154;0.622352926
740;74;10;5.06110683;16.88778685;-0.244813066;-0.244813066;-0.145243364
741;75;1;-2.957647497;-9.367760889;0.849085384;0.849085384;-0.438987866
742;75;2;-4.095378552;-2.957647497;0.197033636;0.197033636;-0.671940148
743;75;3;3.818049479;-4.095378552;0.727819814;0.727819814;2.680551176
744;75;4;-12.77525032;3.818049479;-0.99459433;-0.99459433;-1.536551254
745;75;5;-6.367936047;-12.77525032;0.740563185;0.740563185;0.692777834
746;75;6;-0.491867811;-6.367936047;0.385653884;0.385653884;2.206956136
747;75;7;-4.71866399;-0.491867811;0.148528663;0.148528663;0.524527763
748;75;8;-8.949289603;-4.71866399;0.352185972;0.352185972;-2.327236773
749;75;9;-8.035984689;-8.949289603;-0.036531726;-0.036531726;-1.124430461
750;75;10;-5.297641707;-8.035984689;0.728279453;0.728279453;0.325832434
751;76;1;6.053296502;2.897079612;0.309850161;0.309850161;0.115266513
752;76;2;-0.356311607;6.053296502;-0.410973639;-0.410973639;0.237420654
753;76;3;7.135932076;-0.356311607;-0.392176975;-0.392176975;1.021320257
754;76;4;-2.683038984;7.135932076;-0.620658969;-0.620658969;-0.731246627
755;76;5;-0.753502343;-2.683038984;0.012733779;0.012733779;-1.922110684
756;76;6;2.534608203;-0.753502343;-0.795044929;-0.795044929;-0.247470476
757;76;7;-1.196193592;2.534608203;-0.757110731;-0.757110731;-0.829940945
758;76;8;5.59877894;-1.196193592;0.446006624;0.446006624;0.328783286
759;76;9;6.312531893;5.59877894;0.304664732;0.304664732;-0.876792371
760;76;10;-2.699054619;6.312531893;-0.992509367;-0.992509367;-0.12996328
761;77;1;1.2383942;0.986877688;-0.274694764;-0.274694764;0.93904154
762;77;2;1.143882623;1.2383942;-0.619677239;-0.619677239;1.410992932
763;77;3;1.981205091;1.143882623;-0.763544318;-0.763544318;-0.049491058
764;77;4;0.270545292;1.981205091;0.400434071;0.400434071;-0.998226596
765;77;5;5.73352679;0.270545292;0.137092801;0.137092801;-1.5472271
766;77;6;6.0269719;5.73352679;0.659059755;0.659059755;-0.157213472
767;77;7;-7.036109228;6.0269719;-0.82959774;-0.82959774;0.179294311
768;77;8;5.136745294;-7.036109228;0.944304456;0.944304456;0.557265038
769;77;9;2.325100596;5.136745294;-0.1258286;-0.1258286;0.014921316
770;77;10;-0.365461344;2.325100596;-0.986339198;-0.986339198;-0.715287809
771;78;1;11.61000244;2.607251647;0.880387489;0.880387489;0.173340682
772;78;2;4.068984716;11.61000244;-0.334331877;-0.334331877;-0.777700149
773;78;3;5.417568785;4.068984716;-0.07934807;-0.07934807;-1.213391626
774;78;4;9.520133819;5.417568785;0.481466718;0.481466718;0.769432481
775;78;5;-2.166468048;9.520133819;-0.919051837;-0.919051837;-0.749415754
776;78;6;9.482857148;-2.166468048;0.321266382;0.321266382;0.30263197
777;78;7;14.23463841;9.482857148;0.366825458;0.366825458;1.165432103
778;78;8;9.707224193;14.23463841;-0.137411691;-0.137411691;1.513019395
779;78;9;3.47420134;9.707224193;-0.424604973;-0.424604973;-0.188981515
780;78;10;8.35340291;3.47420134;0.088258856;0.088258856;1.346022881
781;79;1;-16.92290596;-15.66432284;0.755594267;0.755594267;-0.178207593
782;79;2;-16.51365338;-16.92290596;0.847921614;0.847921614;-0.267117979
783;79;3;-0.348355815;-16.51365338;-0.690100797;-0.690100797;-1.445051125
784;79;4;-9.355654317;-0.348355815;0.798421497;0.798421497;0.677153212
785;79;5;-12.50025789;-9.355654317;0.644094274;0.644094274;-0.787278264
786;79;6;-3.676256029;-12.50025789;-0.182656114;-0.182656114;1.72453859
787;79;7;-10.39279287;-3.676256029;0.989441821;0.989441821;-0.684727256
788;79;8;-14.32977466;-10.39279287;0.298227516;0.298227516;-0.1577725
789;79;9;-17.80597482;-14.32977466;0.200853146;0.200853146;-0.185146203
790;79;10;-15.57083968;-17.80597482;0.846651498;0.846651498;-1.040300846
791;80;1;-8.736118118;-2.619447413;0.975973579;0.975973579;-0.854540395
792;80;2;-2.561521194;-8.736118118;0.848060704;0.848060704;0.369570333
793;80;3;-9.541094315;-2.561521194;0.169904662;0.169904662;-0.711986049
794;80;4;-2.601831286;-9.541094315;-0.930728312;-0.930728312;-0.998880354
795;80;5;-5.737603763;-2.601831286;0.557813318;0.557813318;0.023794103
796;80;6;2.168505354;-5.737603763;-0.257506455;-0.257506455;2.185470229
797;80;7;-4.163711979;2.168505354;-0.201429965;-0.201429965;1.21525557
798;80;8;-9.779401855;-4.163711979;0.079992037;0.079992037;0.590992759
799;80;9;-7.70362081;-9.779401855;0.616926627;0.616926627;0.178099966
800;80;10;-8.043791622;-7.70362081;0.118482236;0.118482236;0.205346116
801;81;1;6.459432536;12.34081997;-0.718151274;-0.718151274;0.482273441
802;81;2;4.140771146;6.459432536;-0.51049098;-0.51049098;0.059065439
803;81;3;-1.204200745;4.140771146;-0.62730603;-0.62730603;-1.07840317
804;81;4;5.323672662;-1.204200745;-0.860235617;-0.860235617;-0.509205393
805;81;5;4.607672173;5.323672662;-0.984456186;-0.984456186;0.497852171
806;81;6;5.913486154;4.607672173;-0.588480911;-0.588480911;-0.039187917
807;81;7;14.59734434;5.913486154;0.707598728;0.707598728;0.006450738
808;81;8;16.40991702;14.59734434;0.491574915;0.491574915;-0.345399945
809;81;9;11.54016729;16.40991702;0.757590591;0.757590591;-2.792978931
810;81;10;2.185501137;11.54016729;-0.817401061;-0.817401061;0.882616574
811;82;1;8.914570545;10.48986983;0.679088129;0.679088129;-1.813080268
812;82;2;0.985100389;8.914570545;-0.810882349;-0.810882349;-0.292124063
813;82;3;2.19988195;0.985100389;0.676860942;0.676860942;0.131810478
814;82;4;9.439350268;2.19988195;0.406117666;0.406117666;0.403093756
815;82;5;8.661978871;9.439350268;-0.158023607;-0.158023607;1.192345082
816;82;6;6.632997994;8.661978871;0.345081174;0.345081174;-0.984231853
817;82;7;0.616826284;6.632997994;-0.904599748;-0.904599748;1.73936884
818;82;8;5.608960171;0.616826284;-0.179757097;-0.179757097;0.185689982
819;82;9;10.32369087;5.608960171;0.512551902;0.512551902;-0.379421344
820;82;10;6.357883853;10.32369087;0.201880765;0.201880765;-0.709946338
821;83;1;8.581082387;6.030563163;0.33842715;0.33842715;-0.170329169
822;83;2;-2.366023943;8.581082387;-0.274564507;-0.274564507;-0.339145319
823;83;3;1.952637684;-2.366023943;-0.857740817;-0.857740817;-0.202686769
824;83;4;5.530160773;1.952637684;-0.015040338;-0.015040338;1.939339273
825;83;5;2.821356354;5.530160773;0.977429991;0.977429991;0.181637029
826;83;6;3.322197895;2.821356354;0.835521056;0.835521056;0.07511747
827;83;7;0.535877032;3.322197895;0.412893762;0.412893762;-0.002439184
828;83;8;-0.092463646;0.535877032;-0.545439198;-0.545439198;-0.279093621
829;83;9;-3.542130927;-0.092463646;0.21222447;0.21222447;-2.049825173
830;83;10;-2.390946847;-3.542130927;0.279215451;0.279215451;-0.588833109
831;84;1;4.176534839;-10.21122107;-0.556452575;-0.556452575;0.937104742
832;84;2;-11.40836823;4.176534839;-0.831983282;-0.831983282;0.787622967
833;84;3;-2.120749696;-11.40836823;-0.585352356;-0.585352356;-0.901101508
834;84;4;-6.554947918;-2.120749696;-0.927806256;-0.927806256;1.052398365
835;84;5;-5.100933154;-6.554947918;0.803306081;0.803306081;-0.140812888
836;84;6;-5.397162541;-5.100933154;-0.815825663;-0.815825663;0.307322503
837;84;7;-1.505306865;-5.397162541;-0.160286229;-0.160286229;1.90324875
838;84;8;-1.061628556;-1.505306865;-0.651592767;-0.651592767;2.126340449
839;84;9;-9.403295796;-1.061628556;0.033712049;0.033712049;-1.753816219
840;84;10;-2.959209985;-9.403295796;-0.027502574;-0.027502574;0.597791385
841;85;1;-1.414807719;-3.472153654;-0.206333402;-0.206333402;1.023379942
842;85;2;-7.298245449;-1.414807719;-0.622778242;-0.622778242;-0.844922726
843;85;3;-0.165515835;-7.298245449;-0.826239583;-0.826239583;0.167782682
844;85;4;-4.966743413;-0.165515835;0.908924256;0.908924256;-1.30989401
845;85;5;-4.116961376;-4.966743413;0.269964362;0.269964362;-0.393123441
846;85;6;-5.617050253;-4.116961376;0.504701559;0.504701559;-0.477478512
847;85;7;-1.757257612;-5.617050253;0.911300145;0.911300145;1.059334791
848;85;8;-0.238300861;-1.757257612;0.71996171;0.71996171;0.286277767
849;85;9;1.623445485;-0.238300861;0.692682588;0.692682588;1.014920299
850;85;10;-6.64338949;1.623445485;-0.832913823;-0.832913823;-0.984426484
851;86;1;-7.181521335;-7.217687156;0.100142252;0.100142252;0.462309532
852;86;2;-12.13028748;-7.181521335;-0.35531438;-0.35531438;-1.903382263
853;86;3;-9.874353023;-12.13028748;0.598828577;0.598828577;-0.048147597
854;86;4;0.380166985;-9.874353023;-0.991423198;-0.991423198;0.415450247
855;86;5;-9.323083959;0.380166985;0.578972493;0.578972493;0.162461271
856;86;6;-7.876212097;-9.323083959;0.861962846;0.861962846;-0.85878183
857;86;7;-11.55139903;-7.876212097;-0.368739352;-0.368739352;-1.504582266
858;86;8;-8.454585995;-11.55139903;-0.192317466;-0.192317466;0.041311008
859;86;9;-7.252099274;-8.454585995;-0.42793374;-0.42793374;-0.301361402
860;86;10;0.856123597;-7.252099274;-0.669254363;-0.669254363;1.728332241
861;87;1;3.335240276;0.079039345;0.978165714;0.978165714;1.503223367
862;87;2;-7.050034065;3.335240276;-0.871612963;-0.871612963;0.306160998
863;87;3;-0.964851349;-7.050034065;-0.768084155;-0.768084155;-0.553581058
864;87;4;3.45556108;-0.964851349;-0.883708562;-0.883708562;1.292086261
865;87;5;-4.595515933;3.45556108;-0.136965161;-0.136965161;0.504048406
866;87;6;-0.324400385;-4.595515933;0.204669339;0.204669339;0.598201095
867;87;7;2.894936017;-0.324400385;0.156263207;0.156263207;0.889360157
868;87;8;-1.029118034;2.894936017;0.225890224;0.225890224;-0.00859852
869;87;9;-4.72130935;-1.029118034;-0.097052449;-0.097052449;-0.882023657
870;87;10;-2.720614163;-4.72130935;-0.64082156;-0.64082156;-0.396036521
871;88;1;1.489992483;1.345747882;-0.451922301;-0.451922301;0.905877935
872;88;2;1.531381508;1.489992483;0.633450956;0.633450956;-0.584803936
873;88;3;1.006252556;1.531381508;0.04387803;0.04387803;-0.354266808
874;88;4;0.463479286;1.006252556;0.468440846;0.468440846;-2.177792708
875;88;5;-1.664242429;0.463479286;-0.365416333;-0.365416333;-1.66147092
876;88;6;-0.455525593;-1.664242429;-0.325513633;-0.325513633;1.032783115
877;88;7;-1.257592888;-0.455525593;-0.641308195;-0.641308195;0.412740616
878;88;8;-0.476199382;-1.257592888;-0.499375759;-0.499375759;-0.287237461
879;88;9;0.401025892;-0.476199382;-0.274682802;-0.274682802;0.078914054
880;88;10;-0.258003201;0.401025892;-0.105823481;-0.105823481;1.19836909
881;89;1;11.19494173;2.85295353;0.69853656;0.69853656;0.758018212
882;89;2;7.46607605;11.19494173;0.312057117;0.312057117;0.013378918
883;89;3;10.23930645;7.46607605;0.699926761;0.699926761;-0.083645331
884;89;4;-8.401724137;10.23930645;-0.983210425;-0.983210425;-1.397823493
885;89;5;3.39574115;-8.401724137;0.547699091;0.547699091;-0.228354265
886;89;6;4.061732575;3.39574115;-0.221137827;-0.221137827;0.614442295
887;89;7;5.900428342;4.061732575;0.314928083;0.314928083;1.775373232
888;89;8;-0.841144729;5.900428342;-0.719547392;-0.719547392;0.504009126
889;89;9;5.97581206;-0.841144729;0.375744672;0.375744672;-1.122561468
890;89;10;6.082289341;5.97581206;0.904817124;0.904817124;0.110748332
891;90;1;8.493094182;-0.23148124;-0.995357684;-0.995357684;-1.633217685
892;90;2;4.693756843;8.493094182;-0.826459781;-0.826459781;-0.370523534
893;90;3;13.09422486;4.693756843;0.740482273;0.740482273;-0.774070456
894;90;4;17.90649644;13.09422486;0.511262008;0.511262008;-0.603554366
895;90;5;9.770361705;17.90649644;-0.221545248;-0.221545248;-0.079054244
896;90;6;7.720310897;9.770361705;-0.072562733;-0.072562733;-0.455525786
897;90;7;18.47395258;7.720310897;0.314553926;0.314553926;1.045009495
898;90;8;-2.109941507;18.47395258;-0.648112162;-0.648112162;-0.42786483
899;90;9;16.07494637;-2.109941507;0.908047267;0.908047267;-1.541506638
900;90;10;17.47240883;16.07494637;0.786545198;0.786545198;-0.035255178
901;91;1;15.69238672;7.893704449;0.747270106;0.747270106;1.053112894
902;91;2;4.300244547;15.69238672;-0.216727487;-0.216727487;0.360495921
903;91;3;12.04538726;4.300244547;0.594953587;0.594953587;-0.032565228
904;91;4;11.85407073;12.04538726;0.149817975;0.149817975;0.627055667
905;91;5;-3.546925085;11.85407073;-0.492340873;-0.492340873;-2.558694023
906;91;6;1.920024314;-3.546925085;0.850972569;0.850972569;-1.249623707
907;91;7;-0.454981364;1.920024314;-0.686746086;-0.686746086;-1.669629485
908;91;8;6.558133734;-0.454981364;-0.291497997;-0.291497997;0.194465645
909;91;9;12.06873305;6.558133734;0.082067652;0.082067652;0.704059148
910;91;10;15.79128654;12.06873305;0.940789434;0.940789434;-0.116650484
911;92;1;3.22575165;0.157964236;0.40840643;0.40840643;1.670612094
912;92;2;3.259438484;3.22575165;0.016156874;0.016156874;1.475626969
913;92;3;-2.568223928;3.259438484;-0.117315821;-0.117315821;-1.040022144
914;92;4;-3.197347694;-2.568223928;0.166438031;0.166438031;-0.260547365
915;92;5;-1.383825593;-3.197347694;-0.923513411;-0.923513411;-0.709309009
916;92;6;-3.147678072;-1.383825593;0.350205875;0.350205875;-2.534362116
917;92;7;-0.220563838;-3.147678072;-0.555218494;-0.555218494;0.24433508
918;92;8;-1.036884006;-0.220563838;-0.702297266;-0.702297266;-0.559763922
919;92;9;1.783610682;-1.036884006;-0.503771254;-0.503771254;0.265140311
920;92;10;-6.459426621;1.783610682;-0.571906159;-0.571906159;-1.323635915
921;93;1;13.78024654;9.861807333;0.964640692;0.964640692;0.439990245
922;93;2;9.498574662;13.78024654;0.014394173;0.014394173;0.414130872
923;93;3;12.03809527;9.498574662;0.862932714;0.862932714;0.077459304
924;93;4;11.12694006;12.03809527;0.092707682;0.092707682;0.945647442
925;93;5;-1.32336949;11.12694006;-0.927361578;-0.927361578;0.315638749
926;93;6;5.758461268;-1.32336949;0.875143268;0.875143268;-0.103360401
927;93;7;8.246686062;5.758461268;0.147887053;0.147887053;0.921627833
928;93;8;1.552743308;8.246686062;-0.418415465;-0.418415465;-0.596109028
929;93;9;7.586002943;1.552743308;-0.968081799;-0.968081799;0.644806829
930;93;10;8.455145297;7.586002943;0.864503415;0.864503415;1.299942692
931;94;1;-4.661852821;0.942477045;-0.300432723;-0.300432723;-0.157603262
932;94;2;0.788021171;-4.661852821;0.225870381;0.225870381;1.524692867
933;94;3;6.207572346;0.788021171;0.883826034;0.883826034;0.969234935
934;94;4;5.836836352;6.207572346;0.342227078;0.342227078;0.40439305
935;94;5;-6.703929123;5.836836352;-0.808633662;-0.808633662;-0.084223602
936;94;6;6.296018848;-6.703929123;-0.724940478;-0.724940478;0.808008473
937;94;7;0.824038084;6.296018848;0.533989605;0.533989605;0.060959961
938;94;8;-1.330954945;0.824038084;0.10055168;0.10055168;-0.579550935
939;94;9;-2.000041472;-1.330954945;-0.859888187;-0.859888187;0.944580532
940;94;10;-3.691274665;-2.000041472;-0.014181289;-0.014181289;-1.470223643
941;95;1;5.911707404;4.800476326;0.830569475;0.830569475;-0.302510991
942;95;2;7.228132459;5.911707404;-0.377763834;-0.377763834;1.062005494
943;95;3;-2.67496313;7.228132459;-0.690929607;-0.690929607;-0.332714664
944;95;4;-0.629931241;-2.67496313;-0.341081269;-0.341081269;-1.831318672
945;95;5;7.051576455;-0.629931241;0.711962947;0.711962947;-0.972880823
946;95;6;8.379259363;7.051576455;0.399216804;0.399216804;-0.362117434
947;95;7;8.760433344;8.379259363;0.671510297;0.671510297;0.103019727
948;95;8;4.564048281;8.760433344;-0.436603013;-0.436603013;0.683116022
949;95;9;-2.221437737;4.564048281;-0.316416904;-0.316416904;-2.2319007
950;95;10;1.465804765;-2.221437737;-0.047299948;-0.047299948;-1.078039672
951;96;1;0.078179741;0.080793054;0.840467186;0.840467186;0.9553268
952;96;2;-1.819237966;0.078179741;-0.74945419;-0.74945419;-0.799010779
953;96;3;0.831763602;-1.819237966;-0.421614826;-0.421614826;1.479785169
954;96;4;0.535244263;0.831763602;0.730106772;0.730106772;0.176333376
955;96;5;-5.863140574;0.535244263;0.287954892;0.287954892;-2.124193544
956;96;6;5.64978438;-5.863140574;-0.363994678;-0.363994678;1.247045658
957;96;7;0.294724431;5.64978438;-0.235472289;-0.235472289;0.276457817
958;96;8;-2.532035502;0.294724431;0.940196158;0.940196158;-1.485665278
959;96;9;-2.121850161;-2.532035502;-0.506440311;-0.506440311;-0.426962651
960;96;10;0.442776306;-2.121850161;-0.856367066;-0.856367066;0.731832642
961;97;1;-10.73189725;-6.2297364;-0.001486772;-0.001486772;0.454641394
962;97;2;-7.604915545;-10.73189725;0.921463205;0.921463205;-0.211781228
963;97;3;-6.589151097;-7.604915545;-0.12003404;-0.12003404;-0.284717719
964;97;4;-8.128695733;-6.589151097;-0.333387123;-0.333387123;0.11821175
965;97;5;-4.160930529;-8.128695733;-0.967569768;-0.967569768;-0.438569523
966;97;6;-9.600920149;-4.160930529;-0.207969922;-0.207969922;0.264881648
967;97;7;-16.70579217;-9.600920149;0.360614165;0.360614165;-0.688831408
968;97;8;-16.77970972;-16.70579217;0.277764688;0.277764688;-0.842176965
969;97;9;-14.66240081;-16.77970972;0.068775969;0.068775969;-1.433820476
970;97;10;-0.185449001;-14.66240081;-0.51941761;-0.51941761;-0.401061676
971;98;1;-3.416916271;-3.800169461;-0.161126723;-0.161126723;0.688714478
972;98;2;-5.607539727;-3.416916271;0.472324587;0.472324587;-1.684784042
973;98;3;-4.74708348;-5.607539727;-0.795680895;-0.795680895;-0.401832365
974;98;4;-3.169910255;-4.74708348;-0.218820803;-0.218820803;-1.104536018
975;98;5;-7.939678198;-3.169910255;-0.143406895;-0.143406895;-1.903783784
976;98;6;-8.565267113;-7.939678198;0.692310458;0.692310458;-0.557837883
977;98;7;-4.539334253;-8.565267113;0.337999944;0.337999944;1.125987584
978;98;8;-4.243356228;-4.539334253;-0.195013595;-0.195013595;-0.456810679
979;98;9;-8.490228022;-4.243356228;0.33133072;0.33133072;-1.020239585
980;98;10;-1.064675625;-8.490228022;-0.514341357;-0.514341357;-0.222380968
981;99;1;6.669865794;-1.554681295;0.082530986;0.082530986;0.160210797
982;99;2;11.71305778;6.669865794;0.391205574;0.391205574;0.642659714
983;99;3;11.19235652;11.71305778;0.157131067;0.157131067;-0.361318683
984;99;4;-3.847887907;11.19235652;-0.66863837;-0.66863837;0.205709366
985;99;5;11.39092509;-3.847887907;-0.736956362;-0.736956362;0.083212542
986;99;6;11.58081135;11.39092509;0.383037319;0.383037319;0.465394121
987;99;7;8.15688708;11.58081135;0.754991296;0.754991296;-2.377100412
988;99;8;5.093682756;8.15688708;0.504746052;0.504746052;-1.507575567
989;99;9;3.880181419;5.093682756;-0.546466133;-0.546466133;0.615374948
990;99;10;4.757735948;3.880181419;-0.732584127;-0.732584127;0.856624942
991;100;1;10.94652115;6.751186455;0.595535017;0.595535017;-0.070979967
992;100;2;-2.094976454;10.94652115;-0.717434538;-0.717434538;-0.441712984
993;100;3;3.977586769;-2.094976454;-0.754963382;-0.754963382;-0.369117767
994;100;4;9.527371793;3.977586769;0.947862785;0.947862785;-0.646697931
995;100;5;1.095920615;9.527371793;-0.387285017;-0.387285017;-0.953328833
996;100;6;12.61857055;1.095920615;-0.288902602;-0.288902602;1.147507879
997;100;7;12.58196188;12.61857055;0.047277059;0.047277059;-0.278687719
998;100;8;18.43573284;12.58196188;0.009663737;0.009663737;2.01821041
999;100;9;17.83940838;18.43573284;0.478024255;0.478024255;0.913381076
1000;100;10;12.18383497;17.83940838;0.250187468;0.250187468;0.611982218
